scenario,zone,layer,metric,n_zig,n_cpp,median_zig_ns,median_cpp_ns,ratio_median,ci_lo,ci_hi,cv_zig_pct,cv_cpp_pct,verdict
query_findnearestpoly_flood,dtFindNearestPoly,query,mean_ns,15,15,399.0,444.0,0.8986486486486487,0.8881431767337807,0.9251700680272109,19.766194033361494,3.7226027737267335,FASTER
query_findpath_flood,dtFindPath,query,mean_ns,15,15,1793.0,1788.0,1.0027964205816555,0.9721006564551422,1.0360824742268042,3.313173270156103,11.624858215596051,tie(noise)
query_findpath_long_diagonal,dtFindPath,query,mean_ns,15,15,1762.0,1743.0,1.0109007458405048,0.9988564894225271,1.0377358490566038,3.052958683915147,8.603958983531545,tie(noise)
query_findstraightpath_flood,dtFindStraightPath,query,mean_ns,15,15,455.0,477.0,0.9538784067085954,0.9188640973630832,0.9744680851063829,14.823860729397962,12.847044551816502,FASTER
query_findstraightpath_crossings,dtFindStraightPath,query,mean_ns,15,15,649.0,771.0,0.8417639429312581,0.8198992443324937,0.8543563068920677,24.746062848220618,1.6767443534739794,FASTER
query_raycast_flood,dtRaycast,query,mean_ns,15,15,113.0,118.0,0.9576271186440678,0.9333333333333333,1.076271186440678,18.874970515443316,11.141949572647924,tie(noise)
query_movealongsurface_flood,dtMoveAlongSurface,query,mean_ns,15,15,126.0,126.0,1.0,0.9552238805970149,1.032258064516129,2.023252130699393,8.309484239345686,tie(noise)
query_findpolysaroundcircle_radius_sweep,dtFindPolysAroundCircle,query,mean_ns,15,15,223.0,249.0,0.8955823293172691,0.6901840490797546,0.9221311475409836,5.757386490251199,16.046974012031196,FASTER
query_findpolysaroundshape_convex_sweep,dtFindPolysAroundShape,query,mean_ns,15,15,96.0,110.0,0.8727272727272727,0.7611940298507462,0.9714285714285714,5.619612095453985,15.756303987167291,FASTER
query_findlocalneighbourhood_radius_sweep,dtFindLocalNeighbourhood,query,mean_ns,15,15,202.0,272.0,0.7426470588235294,0.6971830985915493,0.7915057915057915,80.97137183606941,25.35479483700041,FASTER
query_findrandompoint_area_weighted,dtFindRandomPoint,query,mean_ns,15,15,334467.0,300582.0,1.1127313012755256,1.0474513027254817,1.2154911416105842,8.405228287849699,4.257005358054111,SLOWER
query_findrandompointaroundcircle_radius_sweep,dtFindRandomPointAroundCircle,query,mean_ns,15,15,432.0,421.0,1.0261282660332542,0.9379157427937915,1.1298076923076923,10.97860920435011,61.10281674653012,tie(noise)
query_finddistancetowall_radius_sweep,dtFindDistanceToWall,query,mean_ns,15,15,160.0,184.0,0.8695652173913043,0.8494623655913979,0.9171270718232044,9.56819892156445,9.414938519480511,FASTER
query_getpolyheight_snapped,dtGetPolyHeight,query,mean_ns,15,15,105.0,97.0,1.0824742268041236,0.981651376146789,1.1145833333333333,4.320010126320448,28.849446984289838,tie(noise)
query_isvalidpolyref_snapped,dtIsValidPolyRef,query,mean_ns,15,15,30.0,22.0,1.3636363636363635,1.3043478260869565,1.4545454545454546,11.038289625544705,52.001374341725494,SLOWER
query_getpolywallsegments_portals,dtGetPolyWallSegments,query,mean_ns,15,15,54.0,49.0,1.1020408163265305,1.0185185185185186,1.1666666666666667,32.316565930646775,12.526748742975403,SLOWER
query_slicedpath_budget32,dtInitSlicedFindPath,query,mean_ns,15,15,53.0,46.0,1.1521739130434783,1.1063829787234043,1.1777777777777778,3.1124748994971827,18.06191897837606,SLOWER
query_slicedpath_budget32,dtUpdateSlicedFindPath,query,mean_ns,15,15,853.0,943.0,0.9045599151643691,0.8913270637408568,0.9355191256830601,4.55469112751463,12.73980542400394,FASTER
query_multitile_findpath,dtFindPath,query,mean_ns,15,15,4505.0,4595.0,0.9804134929270947,0.9583603020496224,1.003542958370239,4.406081540805477,6.060715093397027,tie(noise)
query_multitile_straightpath,dtFindStraightPath,query,mean_ns,15,15,716.0,802.0,0.8927680798004988,0.8542168674698796,0.9279393173198482,4.508062343386221,20.699982606390474,FASTER
query_multitile_raycast,dtRaycast,query,mean_ns,15,15,170.0,198.0,0.8585858585858586,0.8366336633663366,0.8958333333333334,2.3201043694605548,6.968867632864463,FASTER
crowd_baseline_25_oa_low,crowd_check_path_validity,crowd,mean_ns,15,15,14707.0,20077.0,0.7325297604223738,0.6951427758277203,0.7533404460702129,1.7589336013685632,5.723340924850391,FASTER
crowd_baseline_25_oa_low,crowd_collision_resolve,crowd,mean_ns,15,15,154.0,205.0,0.751219512195122,0.6891891891891891,0.7673267326732673,5.91713011832615,7.440199185602521,FASTER
crowd_baseline_25_oa_low,crowd_find_corners,crowd,mean_ns,15,15,15172.0,19323.0,0.7851782849454019,0.7295010636240572,0.8070882852292021,2.4155050909869575,8.260893927373784,FASTER
crowd_baseline_25_oa_low,crowd_grid_register,crowd,mean_ns,15,15,320.0,271.0,1.1808118081180812,1.1041666666666667,1.2159090909090908,3.506530979048346,8.022505707887252,SLOWER
crowd_baseline_25_oa_low,crowd_integrate,crowd,mean_ns,15,15,140.0,102.0,1.3725490196078431,1.3177570093457944,1.4141414141414141,3.4960599276340814,6.43546365911613,SLOWER
crowd_baseline_25_oa_low,crowd_move_position,crowd,mean_ns,15,15,5548.0,6189.0,0.8964291484892551,0.8180882352941177,0.9097244732576986,2.5003988062087483,7.532902057639318,FASTER
crowd_baseline_25_oa_low,crowd_neighbor_find,crowd,mean_ns,15,15,2982.0,4124.0,0.7230843840931135,0.6797161172161172,0.73100415343269,2.7167236209442627,5.19735814539091,FASTER
crowd_baseline_25_oa_low,crowd_path_queue_update,crowd,mean_ns,15,15,306.0,333.0,0.918918918918919,0.8392370572207084,0.9329268292682927,2.5653539865574824,7.30581491188648,FASTER
crowd_baseline_25_oa_low,crowd_steering_separation,crowd,mean_ns,15,15,228.0,235.0,0.9702127659574468,0.8862745098039215,0.9829787234042553,2.2504348195404873,8.012392064608456,FASTER
crowd_baseline_25_oa_low,crowd_topology_opt,crowd,mean_ns,15,15,681.0,880.0,0.7738636363636363,0.7037037037037037,0.803409090909091,4.201522130799502,11.156020686822913,FASTER
crowd_baseline_25_oa_low,crowd_update_move_request,crowd,mean_ns,15,15,603.0,737.0,0.8181818181818182,0.7408312958435208,0.8321870701513068,3.472035494867357,8.251136388113837,FASTER
crowd_baseline_25_oa_low,crowd_update_total,crowd,mean_ns,15,15,43292.0,56884.0,0.7610575908867169,0.7103562796968252,0.7795630396926557,2.1074502563573083,7.042628193418758,FASTER
crowd_baseline_25_oa_low,crowd_velocity_planning_oa,crowd,mean_ns,15,15,2346.0,3931.0,0.5967947087255151,0.5559473436765398,0.6079545454545454,4.257723620641638,7.211466179743778,FASTER
crowd_baseline_25_oa_low,dtFindLocalNeighbourhood,crowd,mean_ns,15,15,138.0,146.0,0.9452054794520548,0.8974358974358975,0.9790209790209791,3.3736401992707,9.221900158828662,FASTER
crowd_baseline_25_oa_low,dtFindStraightPath,crowd,mean_ns,15,15,298.0,332.0,0.8975903614457831,0.8186813186813187,0.9090909090909091,2.9164510903538976,10.816735453207258,FASTER
crowd_baseline_25_oa_low,dtGetPolyHeight,crowd,mean_ns,15,15,62.0,56.0,1.1071428571428572,0.9838709677419355,1.1454545454545455,4.502228211214979,13.458272312058767,tie(noise)
crowd_baseline_25_oa_low,dtGetPolyWallSegments,crowd,mean_ns,15,15,37.0,46.0,0.8043478260869565,0.7551020408163265,0.8260869565217391,5.2801535894429374,7.500586006173493,FASTER
crowd_baseline_25_oa_low,dtInitSlicedFindPath,crowd,mean_ns,15,15,51.0,44.0,1.1590909090909092,1.0612244897959184,1.2439024390243902,5.4220056693049745,22.928595474454234,SLOWER
crowd_baseline_25_oa_low,dtIsValidPolyRef,crowd,mean_ns,15,15,28.0,19.0,1.4736842105263157,1.4736842105263157,1.5555555555555556,1.5755937246343943,6.809535072469617,SLOWER
crowd_baseline_25_oa_low,dtMoveAlongSurface,crowd,mean_ns,15,15,56.0,55.0,1.018181818181818,0.9491525423728814,1.0555555555555556,3.5400975311079566,6.968027363749646,tie(noise)
crowd_baseline_25_oa_low,dtRaycast,crowd,mean_ns,15,15,207.0,297.0,0.696969696969697,0.6591639871382636,0.71875,2.030663180933204,5.715453087346261,FASTER
crowd_baseline_25_oa_low,dtUpdateSlicedFindPath,crowd,mean_ns,15,15,718.0,824.0,0.8713592233009708,0.8064876957494407,0.8967661691542289,3.8058732263693087,8.044687484765841,FASTER
crowd_100_oa_high,crowd_check_path_validity,crowd,mean_ns,15,15,59236.0,81493.0,0.7268845176886358,0.7138168253276167,0.7772633430655151,4.402559949546885,2.8429195510022476,FASTER
crowd_100_oa_high,crowd_collision_resolve,crowd,mean_ns,15,15,587.0,781.0,0.7516005121638925,0.6940581542351454,0.935361216730038,16.78135514927067,7.585816700840841,FASTER
crowd_100_oa_high,crowd_find_corners,crowd,mean_ns,15,15,61925.0,76423.0,0.8102927129267368,0.7693027433661439,0.8628826694817066,5.420874639920491,3.2449163042549785,FASTER
crowd_100_oa_high,crowd_grid_register,crowd,mean_ns,15,15,1262.0,1088.0,1.1599264705882353,1.127126230975828,1.2326420198376915,5.309315838216165,2.726163471004787,SLOWER
crowd_100_oa_high,crowd_integrate,crowd,mean_ns,15,15,495.0,405.0,1.2222222222222223,1.1985294117647058,1.3137254901960784,17.010567486115573,13.215633328864493,SLOWER
crowd_100_oa_high,crowd_move_position,crowd,mean_ns,15,15,23067.0,26474.0,0.8713076981189091,0.8413644949812956,0.9519241494701618,6.498036983427695,3.346821949619444,FASTER
crowd_100_oa_high,crowd_neighbor_find,crowd,mean_ns,15,15,12548.0,17029.0,0.7368606494802983,0.7153318609787284,0.7887568820631701,5.953755309132464,2.6548343208297767,FASTER
crowd_100_oa_high,crowd_path_queue_update,crowd,mean_ns,15,15,1354.0,1498.0,0.9038718291054739,0.8467948717948718,0.9396782841823056,6.128010038223905,3.9609566541017482,FASTER
crowd_100_oa_high,crowd_steering_separation,crowd,mean_ns,15,15,816.0,894.0,0.912751677852349,0.8854961832061069,0.9691075514874142,5.927818905740911,3.196154356902906,FASTER
crowd_100_oa_high,crowd_topology_opt,crowd,mean_ns,15,15,1008.0,1238.0,0.81421647819063,0.7872841444270016,0.9032258064516129,8.807756461001896,3.6021400659565312,FASTER
crowd_100_oa_high,crowd_update_move_request,crowd,mean_ns,15,15,2705.0,3278.0,0.8251982916412447,0.8015357353809806,0.9443914839529711,7.998294079462927,4.854108469619095,FASTER
crowd_100_oa_high,crowd_update_total,crowd,mean_ns,15,15,186129.0,245973.0,0.7567050042077789,0.7296366197514684,0.7985815434609865,5.104079010035591,2.7439919269286834,FASTER
crowd_100_oa_high,crowd_velocity_planning_oa,crowd,mean_ns,15,15,22110.0,36910.0,0.5990246545651585,0.5745694393550751,0.616916730167906,3.5138291720191024,2.727373147236109,FASTER
crowd_100_oa_high,dtFindLocalNeighbourhood,crowd,mean_ns,15,15,143.0,143.0,1.0,0.9659863945578231,1.0952380952380953,7.979689584883919,3.0407200532228558,tie(noise)
crowd_100_oa_high,dtFindStraightPath,crowd,mean_ns,15,15,304.0,334.0,0.9101796407185628,0.8710601719197708,1.0,6.961823618371293,3.305655257048893,tie(noise)
crowd_100_oa_high,dtGetPolyHeight,crowd,mean_ns,15,15,66.0,61.0,1.0819672131147542,1.015625,1.2,7.795610726162052,4.4317331390693955,SLOWER
crowd_100_oa_high,dtGetPolyWallSegments,crowd,mean_ns,15,15,41.0,42.0,0.9761904761904762,0.9285714285714286,1.0714285714285714,7.499485363773483,4.003203845127178,tie(noise)
crowd_100_oa_high,dtInitSlicedFindPath,crowd,mean_ns,15,15,58.0,48.0,1.2083333333333333,1.12,1.326086956521739,11.318120340252207,5.98155644371502,SLOWER
crowd_100_oa_high,dtIsValidPolyRef,crowd,mean_ns,15,15,28.0,18.0,1.5555555555555556,1.4736842105263157,1.6111111111111112,4.606423319938055,2.701557679981186,SLOWER
crowd_100_oa_high,dtMoveAlongSurface,crowd,mean_ns,15,15,60.0,60.0,1.0,0.9508196721311475,1.0819672131147542,6.753141116090899,3.6709956511745236,tie(noise)
crowd_100_oa_high,dtRaycast,crowd,mean_ns,15,15,213.0,288.0,0.7395833333333334,0.6986754966887417,0.7552447552447552,3.7830432958782647,3.476366136461647,FASTER
crowd_100_oa_high,dtUpdateSlicedFindPath,crowd,mean_ns,15,15,878.0,953.0,0.9213011542497377,0.8696969696969697,1.0,6.904041117200113,4.2597673536993295,tie(noise)
crowd_100_no_avoidance,crowd_check_path_validity,crowd,mean_ns,15,15,59830.0,79918.0,0.7486423584173778,0.7391293596923952,0.7699421238047307,3.583999850768709,2.472497080215163,FASTER
crowd_100_no_avoidance,crowd_collision_resolve,crowd,mean_ns,15,15,549.0,778.0,0.705655526992288,0.6724565756823822,0.7359477124183007,6.02326309104506,8.237602820022314,FASTER
crowd_100_no_avoidance,crowd_find_corners,crowd,mean_ns,15,15,60763.0,75917.0,0.800387265039451,0.7917817543951513,0.842873847298626,5.360606777349318,2.9727548585664456,FASTER
crowd_100_no_avoidance,crowd_grid_register,crowd,mean_ns,15,15,1297.0,1076.0,1.2053903345724908,1.1466302367941712,1.245548266166823,5.340099561058006,8.334540832246848,SLOWER
crowd_100_no_avoidance,crowd_integrate,crowd,mean_ns,15,15,501.0,358.0,1.399441340782123,1.3573407202216066,1.426553672316384,5.0105348805411305,2.7146579725946385,SLOWER
crowd_100_no_avoidance,crowd_move_position,crowd,mean_ns,15,15,23442.0,26119.0,0.8975075615452353,0.8686375417903159,0.9356259334431126,4.968952601498427,3.0032481445994113,FASTER
crowd_100_no_avoidance,crowd_neighbor_find,crowd,mean_ns,15,15,12726.0,16722.0,0.7610333692142088,0.7361135447695812,0.7822786311606666,4.510933122837803,2.4897621809202106,FASTER
crowd_100_no_avoidance,crowd_path_queue_update,crowd,mean_ns,15,15,1367.0,1507.0,0.907100199071002,0.874031007751938,0.9323056300268097,4.052642396424862,5.355275664808605,FASTER
crowd_100_no_avoidance,crowd_steering_separation,crowd,mean_ns,15,15,817.0,881.0,0.927355278093076,0.9184597961494904,0.9792387543252595,8.589966122920016,3.2915407079961065,FASTER
crowd_100_no_avoidance,crowd_topology_opt,crowd,mean_ns,15,15,1023.0,1220.0,0.8385245901639344,0.8131600324939074,0.8675,5.221329479179296,4.096421456277068,FASTER
crowd_100_no_avoidance,crowd_update_move_request,crowd,mean_ns,15,15,2739.0,3151.0,0.8692478578229134,0.826486817903127,0.9126958746402303,5.894934049228384,5.452985431411683,FASTER
crowd_100_no_avoidance,crowd_update_total,crowd,mean_ns,15,15,165499.0,207577.0,0.7972896804559272,0.7788737986691479,0.8219406791554353,4.490241531903696,2.6697940947664915,FASTER
crowd_100_no_avoidance,crowd_velocity_planning_oa,crowd,mean_ns,15,15,110.0,116.0,0.9482758620689655,0.8991596638655462,0.9912280701754386,8.323173043737052,5.226994847225598,FASTER
crowd_100_no_avoidance,dtFindLocalNeighbourhood,crowd,mean_ns,15,15,144.0,144.0,1.0,0.9662162162162162,1.0753424657534247,6.6761067815585164,3.3944140087069723,tie(noise)
crowd_100_no_avoidance,dtFindStraightPath,crowd,mean_ns,15,15,301.0,336.0,0.8958333333333334,0.873900293255132,0.9467455621301775,6.424400664263116,3.3712605551626322,FASTER
crowd_100_no_avoidance,dtGetPolyHeight,crowd,mean_ns,15,15,66.0,60.0,1.1,1.032258064516129,1.1833333333333333,6.871460502246875,4.545454545454545,SLOWER
crowd_100_no_avoidance,dtGetPolyWallSegments,crowd,mean_ns,15,15,41.0,42.0,0.9761904761904762,0.9318181818181818,1.048780487804878,6.153789228197515,4.6757183529063955,tie(noise)
crowd_100_no_avoidance,dtInitSlicedFindPath,crowd,mean_ns,15,15,56.0,45.0,1.2444444444444445,1.0740740740740742,1.3409090909090908,7.502924599849075,49.99234085048829,SLOWER
crowd_100_no_avoidance,dtIsValidPolyRef,crowd,mean_ns,15,15,28.0,18.0,1.5555555555555556,1.4736842105263157,1.6111111111111112,3.0748032536766705,3.3358339911855044,SLOWER
crowd_100_no_avoidance,dtMoveAlongSurface,crowd,mean_ns,15,15,61.0,61.0,1.0,0.9523809523809523,1.0491803278688525,5.576063397734996,3.7884408353487427,tie(noise)
crowd_100_no_avoidance,dtRaycast,crowd,mean_ns,15,15,211.0,289.0,0.7301038062283737,0.7172413793103448,0.759581881533101,4.656073989631306,2.427297322386828,FASTER
crowd_100_no_avoidance,dtUpdateSlicedFindPath,crowd,mean_ns,15,15,893.0,961.0,0.9292403746097815,0.9021852237252862,0.9672650475184794,3.8937986663706736,4.602552998971089,FASTER
crowd_choke_funnel_60_oa_high,crowd_check_path_validity,crowd,mean_ns,15,15,3788.0,5247.0,0.721936344577854,0.696997776130467,0.7585271317829457,6.808182632453349,3.4760902916982,FASTER
crowd_choke_funnel_60_oa_high,crowd_collision_resolve,crowd,mean_ns,15,15,329.0,490.0,0.6714285714285714,0.6418786692759295,0.7454909819639278,13.300926663989875,8.125608445836896,FASTER
crowd_choke_funnel_60_oa_high,crowd_find_corners,crowd,mean_ns,15,15,55.0,54.0,1.0185185185185186,0.9636363636363636,1.0566037735849056,11.750262146143799,6.03632529876014,tie(noise)
crowd_choke_funnel_60_oa_high,crowd_grid_register,crowd,mean_ns,15,15,544.0,509.0,1.068762278978389,1.0165137614678899,1.1153081510934393,28.385443201778294,6.482708342135345,SLOWER
crowd_choke_funnel_60_oa_high,crowd_integrate,crowd,mean_ns,15,15,267.0,185.0,1.4432432432432432,1.4193548387096775,1.5054347826086956,7.156494362258361,4.3519680505926575,SLOWER
crowd_choke_funnel_60_oa_high,crowd_move_position,crowd,mean_ns,15,15,13033.0,15721.0,0.8290185102728834,0.7998256103637269,0.8562695195694066,7.513845680025903,4.356779322186564,FASTER
crowd_choke_funnel_60_oa_high,crowd_neighbor_find,crowd,mean_ns,15,15,5041.0,7399.0,0.6813082849033654,0.6624517502994809,0.7178224411020897,8.691970771797019,5.459270654262753,FASTER
crowd_choke_funnel_60_oa_high,crowd_path_queue_update,crowd,mean_ns,15,15,30.0,22.0,1.3636363636363635,1.2608695652173914,1.5,9.22484211073653,7.253278813030683,SLOWER
crowd_choke_funnel_60_oa_high,crowd_steering_separation,crowd,mean_ns,15,15,47.0,41.0,1.146341463414634,1.0465116279069768,1.2682926829268293,13.909338378459191,10.378381319674473,SLOWER
crowd_choke_funnel_60_oa_high,crowd_topology_opt,crowd,mean_ns,15,15,42.0,40.0,1.05,1.024390243902439,1.175,13.485152450379497,22.687865237279226,SLOWER
crowd_choke_funnel_60_oa_high,crowd_update_move_request,crowd,mean_ns,15,15,220.0,298.0,0.738255033557047,0.7248322147651006,0.7684563758389261,10.004288677510074,4.1993818754444545,FASTER
crowd_choke_funnel_60_oa_high,crowd_update_total,crowd,mean_ns,15,15,45933.0,71355.0,0.6437250367878915,0.617142069725782,0.6673716400634476,7.428334093441254,4.147127249358468,FASTER
crowd_choke_funnel_60_oa_high,crowd_velocity_planning_oa,crowd,mean_ns,15,15,21480.0,40196.0,0.5343815305005473,0.5183533196841181,0.563582347265248,6.9526302329944905,4.059427850328185,FASTER
crowd_choke_funnel_60_oa_high,dtFindLocalNeighbourhood,crowd,mean_ns,15,15,235.0,196.0,1.1989795918367347,1.1343283582089552,1.2227979274611398,9.6935185781228,9.274749786250107,SLOWER
crowd_choke_funnel_60_oa_high,dtGetPolyHeight,crowd,mean_ns,15,15,72.0,76.0,0.9473684210526315,0.9090909090909091,0.9605263157894737,10.596925380765573,4.597720535879395,FASTER
crowd_choke_funnel_60_oa_high,dtGetPolyWallSegments,crowd,mean_ns,15,15,45.0,38.0,1.1842105263157894,0.9024390243902439,1.3142857142857143,16.002156512669494,22.76769312202313,tie(noise)
crowd_choke_funnel_60_oa_high,dtIsValidPolyRef,crowd,mean_ns,15,15,28.0,19.0,1.4736842105263157,1.4210526315789473,1.5555555555555556,5.858776281406462,6.374000745468403,SLOWER
crowd_choke_funnel_60_oa_high,dtMoveAlongSurface,crowd,mean_ns,15,15,58.0,60.0,0.9666666666666667,0.9344262295081968,1.0166666666666666,7.817183538996039,5.228452344290474,tie(noise)
crowd_mass_repath_100_shared_moving_goal,crowd_check_path_validity,crowd,mean_ns,15,15,6588.0,8700.0,0.7572413793103449,0.7404693760732685,0.776583448913546,2.812895117863767,5.97497476799545,FASTER
crowd_mass_repath_100_shared_moving_goal,crowd_collision_resolve,crowd,mean_ns,15,15,553.0,770.0,0.7181818181818181,0.6994818652849741,0.7539267015706806,5.782184753166811,12.112687970204894,FASTER
crowd_mass_repath_100_shared_moving_goal,crowd_find_corners,crowd,mean_ns,15,15,80.0,84.0,0.9523809523809523,0.9047619047619048,1.0119047619047619,7.02244261987013,4.278161446721163,tie(noise)
crowd_mass_repath_100_shared_moving_goal,crowd_grid_register,crowd,mean_ns,15,15,882.0,772.0,1.1424870466321244,1.0826140567200986,1.234375,5.886281876061272,6.832720717083493,SLOWER
crowd_mass_repath_100_shared_moving_goal,crowd_integrate,crowd,mean_ns,15,15,438.0,298.0,1.4697986577181208,1.4065573770491804,1.5445205479452055,4.09080449019908,3.961981677792143,SLOWER
crowd_mass_repath_100_shared_moving_goal,crowd_move_position,crowd,mean_ns,15,15,20537.0,23253.0,0.8831978669419,0.8427795689801459,0.9098463536031162,4.842961727410845,3.9276355090582014,FASTER
crowd_mass_repath_100_shared_moving_goal,crowd_neighbor_find,crowd,mean_ns,15,15,8065.0,11783.0,0.6844606636679963,0.6668051516410469,0.7156292749658003,4.559802426435616,5.451749201876911,FASTER
crowd_mass_repath_100_shared_moving_goal,crowd_path_queue_update,crowd,mean_ns,15,15,32.0,21.0,1.5238095238095237,1.4090909090909092,1.6,6.454744325940006,17.277368511627202,SLOWER
crowd_mass_repath_100_shared_moving_goal,crowd_steering_separation,crowd,mean_ns,15,15,67.0,57.0,1.1754385964912282,1.1206896551724137,1.2363636363636363,6.335342459861403,5.038062819166697,SLOWER
crowd_mass_repath_100_shared_moving_goal,crowd_topology_opt,crowd,mean_ns,15,15,65.0,57.0,1.1403508771929824,1.0333333333333334,1.2037037037037037,8.313388360680797,7.0469227044666125,SLOWER
crowd_mass_repath_100_shared_moving_goal,crowd_update_move_request,crowd,mean_ns,15,15,310.0,386.0,0.8031088082901554,0.7772151898734178,0.8567708333333334,4.336239567289174,8.097370532303543,FASTER
crowd_mass_repath_100_shared_moving_goal,crowd_update_total,crowd,mean_ns,15,15,65475.0,95508.0,0.6855446664153788,0.6696634040072412,0.7105949427229056,3.507808670586868,3.7757314336537457,FASTER
crowd_mass_repath_100_shared_moving_goal,crowd_velocity_planning_oa,crowd,mean_ns,15,15,27317.0,47857.0,0.5708046889692208,0.5597086487258482,0.5886830054274084,2.526621402206718,2.952502656005184,FASTER
crowd_mass_repath_100_shared_moving_goal,dtFindLocalNeighbourhood,crowd,mean_ns,15,15,214.0,152.0,1.4078947368421053,1.236842105263158,1.513157894736842,13.744073397725758,12.989232022879557,SLOWER
crowd_mass_repath_100_shared_moving_goal,dtFindNearestPoly,crowd,mean_ns,15,15,380.0,430.0,0.8837209302325582,0.5531914893617021,1.3714285714285714,42.39410524551011,52.69574866553352,tie(noise)
crowd_mass_repath_100_shared_moving_goal,dtGetPolyHeight,crowd,mean_ns,15,15,55.0,50.0,1.1,1.0588235294117647,1.163265306122449,6.2740295236368375,5.673003989884318,SLOWER
crowd_mass_repath_100_shared_moving_goal,dtGetPolyWallSegments,crowd,mean_ns,15,15,49.0,40.0,1.225,1.0465116279069768,1.3,18.57309410651748,17.0367083999984,SLOWER
crowd_mass_repath_100_shared_moving_goal,dtIsValidPolyRef,crowd,mean_ns,15,15,28.0,19.0,1.4736842105263157,1.4736842105263157,1.6111111111111112,3.5684119736713185,2.691839846599958,SLOWER
crowd_mass_repath_100_shared_moving_goal,dtMoveAlongSurface,crowd,mean_ns,15,15,60.0,59.0,1.0169491525423728,0.9672131147540983,1.0508474576271187,4.764721623885451,5.2356612086029,tie(noise)
crowd_separation_spread_120_no_goal,crowd_check_path_validity,crowd,mean_ns,15,15,29.0,18.0,1.6111111111111112,1.5263157894736843,1.7058823529411764,6.40860928513697,9.86973889033515,SLOWER
crowd_separation_spread_120_no_goal,crowd_collision_resolve,crowd,mean_ns,15,15,32.0,19.0,1.6842105263157894,1.55,1.7777777777777777,6.957443158291168,11.243311322247221,SLOWER
crowd_separation_spread_120_no_goal,crowd_find_corners,crowd,mean_ns,15,15,28.0,16.0,1.75,1.6470588235294117,1.9333333333333333,7.963451988822424,11.93983288441133,SLOWER
crowd_separation_spread_120_no_goal,crowd_grid_register,crowd,mean_ns,15,15,29.0,27.0,1.0740740740740742,1.0,1.1481481481481481,9.297301499756944,16.235930591649826,tie(noise)
crowd_separation_spread_120_no_goal,crowd_integrate,crowd,mean_ns,15,15,29.0,17.0,1.7058823529411764,1.5555555555555556,1.8125,8.580472887529828,9.912951203476188,SLOWER
crowd_separation_spread_120_no_goal,crowd_move_position,crowd,mean_ns,15,15,29.0,18.0,1.6111111111111112,1.5555555555555556,1.875,9.138164951097641,10.67202699697703,SLOWER
crowd_separation_spread_120_no_goal,crowd_neighbor_find,crowd,mean_ns,15,15,30.0,17.0,1.7647058823529411,1.6666666666666667,1.8823529411764706,6.697204521170487,12.046721137922523,SLOWER
crowd_separation_spread_120_no_goal,crowd_path_queue_update,crowd,mean_ns,15,15,31.0,22.0,1.4090909090909092,1.28,1.5238095238095237,6.590516144209906,14.972671586401026,SLOWER
crowd_separation_spread_120_no_goal,crowd_steering_separation,crowd,mean_ns,15,15,29.0,17.0,1.7058823529411764,1.6111111111111112,1.8125,9.02095980029349,7.123883186111745,SLOWER
crowd_separation_spread_120_no_goal,crowd_topology_opt,crowd,mean_ns,15,15,30.0,17.0,1.7647058823529411,1.6666666666666667,1.8235294117647058,7.7549431714089065,11.939405679169262,SLOWER
crowd_separation_spread_120_no_goal,crowd_update_move_request,crowd,mean_ns,15,15,230.0,308.0,0.7467532467532467,0.7301587301587301,0.775974025974026,8.576570358088494,14.355764430132764,FASTER
crowd_separation_spread_120_no_goal,crowd_update_total,crowd,mean_ns,15,15,1029.0,1342.0,0.7667660208643815,0.7557364914877869,0.7830609212481426,6.758792518675296,11.492072299855945,FASTER
crowd_separation_spread_120_no_goal,crowd_velocity_planning_oa,crowd,mean_ns,15,15,30.0,17.0,1.7647058823529411,1.5789473684210527,1.9375,9.477859235903457,11.862773355781634,SLOWER
crowd_scale_250_oa_med,crowd_check_path_validity,crowd,mean_ns,15,15,152734.0,208651.0,0.7320070356720073,0.7165516560123054,0.7588470375679975,2.988263144503715,4.298658161074979,FASTER
crowd_scale_250_oa_med,crowd_collision_resolve,crowd,mean_ns,15,15,2497.0,2792.0,0.8943409742120344,0.8767556179775281,0.917685118619698,2.8844084386243525,3.125170607549447,FASTER
crowd_scale_250_oa_med,crowd_find_corners,crowd,mean_ns,15,15,163716.0,203930.0,0.8028048840288334,0.777014553728588,0.8262379829058186,4.4230380930147914,6.345411289347244,FASTER
crowd_scale_250_oa_med,crowd_grid_register,crowd,mean_ns,15,15,3668.0,2859.0,1.2829660720531655,1.2482317278544965,1.355834829443447,4.974708130437932,6.579480418788803,SLOWER
crowd_scale_250_oa_med,crowd_integrate,crowd,mean_ns,15,15,1221.0,1064.0,1.1475563909774436,1.1305164319248826,1.1868544600938966,11.356601872690765,5.930729066080595,SLOWER
crowd_scale_250_oa_med,crowd_move_position,crowd,mean_ns,15,15,61483.0,69429.0,0.8855521467974478,0.8525278721335043,0.9156341216417466,4.584531132464092,6.3783867675785695,FASTER
crowd_scale_250_oa_med,crowd_neighbor_find,crowd,mean_ns,15,15,40173.0,51224.0,0.7842612837732313,0.7548723787835658,0.8101091807459356,4.699754879395633,5.430773736612797,FASTER
crowd_scale_250_oa_med,crowd_path_queue_update,crowd,mean_ns,15,15,2820.0,3200.0,0.88125,0.8326372315035799,0.907890696960393,3.467098425168223,7.12989918414377,FASTER
crowd_scale_250_oa_med,crowd_steering_separation,crowd,mean_ns,15,15,1981.0,2173.0,0.9116428900138058,0.8860986547085202,0.9413394919168592,2.631308241408478,6.777161678341751,FASTER
crowd_scale_250_oa_med,crowd_topology_opt,crowd,mean_ns,15,15,1288.0,1582.0,0.8141592920353983,0.7709969788519637,0.8841502227880331,7.30721188406541,7.245225906808161,FASTER
crowd_scale_250_oa_med,crowd_update_move_request,crowd,mean_ns,15,15,5399.0,6422.0,0.8407038305823731,0.779235928842228,0.8956606533398342,5.8870909408125645,8.585314237833371,FASTER
crowd_scale_250_oa_med,crowd_update_total,crowd,mean_ns,15,15,471917.0,611226.0,0.7720826666404897,0.7539869797184076,0.7976637858564513,3.7254919590009274,5.271761093373739,FASTER
crowd_scale_250_oa_med,crowd_velocity_planning_oa,crowd,mean_ns,15,15,37314.0,59746.0,0.6245439025206708,0.6079395022504633,0.6426179084073821,2.213470210158864,4.934326084037183,FASTER
crowd_scale_250_oa_med,dtFindLocalNeighbourhood,crowd,mean_ns,15,15,148.0,155.0,0.9548387096774194,0.9135802469135802,1.013157894736842,4.627375015452534,7.875497969280598,tie(noise)
crowd_scale_250_oa_med,dtFindStraightPath,crowd,mean_ns,15,15,331.0,370.0,0.8945945945945946,0.8523316062176166,0.9236842105263158,4.989247029270399,7.123121568526737,FASTER
crowd_scale_250_oa_med,dtGetPolyHeight,crowd,mean_ns,15,15,73.0,71.0,1.028169014084507,0.9866666666666667,1.088235294117647,6.224392561817024,8.835363777584993,tie(noise)
crowd_scale_250_oa_med,dtGetPolyWallSegments,crowd,mean_ns,15,15,42.0,40.0,1.05,1.024390243902439,1.0769230769230769,4.3669301460673475,5.781417666123768,SLOWER
crowd_scale_250_oa_med,dtInitSlicedFindPath,crowd,mean_ns,15,15,58.0,50.0,1.16,1.0980392156862746,1.288888888888889,7.113100744380101,21.99381300845507,SLOWER
crowd_scale_250_oa_med,dtIsValidPolyRef,crowd,mean_ns,15,15,28.0,19.0,1.4736842105263157,1.4736842105263157,1.6111111111111112,3.032187165210534,4.429076594608793,SLOWER
crowd_scale_250_oa_med,dtMoveAlongSurface,crowd,mean_ns,15,15,65.0,64.0,1.015625,0.9411764705882353,1.03125,4.858191626018966,6.159547782602092,tie(noise)
crowd_scale_250_oa_med,dtRaycast,crowd,mean_ns,15,15,227.0,310.0,0.7322580645161291,0.7197452229299363,0.7582781456953642,4.060040879975219,5.359025359276243,FASTER
crowd_scale_250_oa_med,dtUpdateSlicedFindPath,crowd,mean_ns,15,15,908.0,1001.0,0.9070929070929071,0.83271719038817,0.9387129724208376,4.802443708628219,6.817461585894608,FASTER
tilecache_obstacles_map_2,dtAddTile,tilecache,mean_ns,15,15,1150.0,1288.0,0.8928571428571429,0.8753846153846154,0.9152139461172741,1.6759084523589052,2.4019728936552127,FASTER
tilecache_obstacles_map_2,dtBuildTileCacheContours,tilecache,mean_ns,15,15,2966.0,3372.0,0.8795966785290629,0.867141162514828,0.8938132064247472,3.131451143615301,2.2136822568498498,FASTER
tilecache_obstacles_map_2,dtBuildTileCachePolyMesh,tilecache,mean_ns,15,15,1312.0,1411.0,0.9298369950389794,0.9094736842105263,0.9366548042704627,1.6427919219941822,1.8747407137948908,FASTER
tilecache_obstacles_map_2,dtBuildTileCacheRegions,tilecache,mean_ns,15,15,10150.0,9740.0,1.042094455852156,1.024760546158549,1.0610899350983827,1.3487174231781487,1.7453642687829842,SLOWER
tilecache_obstacles_map_2,dtCreateNavMeshData,tilecache,mean_ns,15,15,344.0,277.0,1.2418772563176896,1.1287128712871286,1.2932330827067668,8.318119134694689,8.689678313208551,SLOWER
tilecache_obstacles_map_2,dtDecompressTileCacheLayer,tilecache,mean_ns,15,15,303.0,322.0,0.9409937888198758,0.8554913294797688,1.0,14.255266612087677,10.9295408828426,tie(noise)
tilecache_obstacles_map_2,dtTileCacheAddBoxObstacle,tilecache,mean_ns,15,15,106.0,18.0,5.888888888888889,5.0,7.0,13.80720980191679,24.87212192354307,SLOWER
tilecache_obstacles_map_2,dtTileCacheBuildNavMeshTile,tilecache,mean_ns,15,15,17385.0,17885.0,0.9720436119653341,0.9601626922219746,0.9877279700017044,1.5562129424207134,1.9594665237687474,FASTER
tilecache_obstacles_map_2,dtTileCacheRemoveObstacle,tilecache,mean_ns,15,15,27.0,18.0,1.5,1.3888888888888888,2.0714285714285716,10.538344919810505,19.500618448148067,SLOWER
tilecache_obstacles_map_2,dtTileCacheUpdate,tilecache,mean_ns,15,15,17811.0,18407.0,0.967621013744771,0.9581976112920738,0.9853175694253505,1.6349753877551694,2.038758771437793,FASTER
tilecache_cylinders_map_2,dtAddTile,tilecache,mean_ns,15,15,1168.0,1261.0,0.9262490087232356,0.9080188679245284,0.9392486011191047,2.7709306008959507,1.8294933281870835,FASTER
tilecache_cylinders_map_2,dtBuildTileCacheContours,tilecache,mean_ns,15,15,3127.0,3550.0,0.8808450704225352,0.8700027956388035,0.8901750423489554,1.690748212094419,0.7330005561922404,FASTER
tilecache_cylinders_map_2,dtBuildTileCachePolyMesh,tilecache,mean_ns,15,15,1511.0,1622.0,0.9315659679408138,0.9211822660098522,0.9482758620689655,1.6656255177980874,1.0349769474561283,FASTER
tilecache_cylinders_map_2,dtBuildTileCacheRegions,tilecache,mean_ns,15,15,10314.0,9818.0,1.0505194540639642,1.0410792169591236,1.0603916743566082,1.5692544572774558,0.8182793548349575,SLOWER
tilecache_cylinders_map_2,dtCreateNavMeshData,tilecache,mean_ns,15,15,357.0,283.0,1.2614840989399294,1.2367491166077738,1.3212996389891696,11.50043484898747,3.9987812781024075,SLOWER
tilecache_cylinders_map_2,dtDecompressTileCacheLayer,tilecache,mean_ns,15,15,311.0,322.0,0.9658385093167702,0.9259259259259259,1.0277777777777777,9.738592093474393,5.390700795606812,tie(noise)
tilecache_cylinders_map_2,dtTileCacheBuildNavMeshTile,tilecache,mean_ns,15,15,17964.0,18292.0,0.9820686638967855,0.9784541537118857,0.9893942707194402,1.8237738489762167,0.7910631106187496,FASTER
tilecache_cylinders_map_2,dtTileCacheRemoveObstacle,tilecache,mean_ns,15,15,27.0,16.0,1.6875,1.5,2.0714285714285716,15.39503704945508,22.191044375197816,SLOWER
tilecache_cylinders_map_2,dtTileCacheUpdate,tilecache,mean_ns,15,15,18383.0,18750.0,0.9804266666666667,0.9765163214228659,0.986946287181682,1.8688723693695959,0.8394399127088344,FASTER
tilecache_orientedbox_map_2,dtAddTile,tilecache,mean_ns,15,15,1244.0,1373.0,0.9060451565914057,0.8920086393088553,0.9211495946941783,2.555367199184097,4.300217022996557,FASTER
tilecache_orientedbox_map_2,dtBuildTileCacheContours,tilecache,mean_ns,15,15,3130.0,3577.0,0.8750349454850433,0.8681379310344828,0.8884821177133202,1.0405380564367006,2.241247385803154,FASTER
tilecache_orientedbox_map_2,dtBuildTileCachePolyMesh,tilecache,mean_ns,15,15,1257.0,1352.0,0.9297337278106509,0.8907142857142857,0.9395070948469006,1.979503831016914,3.2209129145310977,FASTER
tilecache_orientedbox_map_2,dtBuildTileCacheRegions,tilecache,mean_ns,15,15,10060.0,9697.0,1.0374342580179436,1.029803359278984,1.0598987916967881,2.288407323892103,2.581562446493019,SLOWER
tilecache_orientedbox_map_2,dtCreateNavMeshData,tilecache,mean_ns,15,15,333.0,263.0,1.2661596958174905,1.1875,1.3657587548638133,6.096441353429121,14.121172146034722,SLOWER
tilecache_orientedbox_map_2,dtDecompressTileCacheLayer,tilecache,mean_ns,15,15,301.0,305.0,0.9868852459016394,0.930379746835443,1.0302013422818792,4.562478830062532,28.757987338629857,tie(noise)
tilecache_orientedbox_map_2,dtTileCacheBuildNavMeshTile,tilecache,mean_ns,15,15,17635.0,18075.0,0.9756569847856155,0.9659972489683631,0.987231443957142,1.7016295752642863,3.9196785598727226,FASTER
tilecache_orientedbox_map_2,dtTileCacheRemoveObstacle,tilecache,mean_ns,15,15,27.0,16.0,1.6875,1.35,2.0714285714285716,13.862787264771084,28.43180909817455,SLOWER
tilecache_orientedbox_map_2,dtTileCacheUpdate,tilecache,mean_ns,15,15,18027.0,18501.0,0.9743797632560403,0.9658324034220734,0.9850956587718823,1.7065892424449205,4.141441502550032,FASTER
tilecache_dense_box_map_2,dtAddTile,tilecache,mean_ns,15,15,1497.0,1693.0,0.8842291789722386,0.8511494252873564,0.9134095009019844,9.719809121934325,8.75042404768591,FASTER
tilecache_dense_box_map_2,dtBuildTileCacheContours,tilecache,mean_ns,15,15,2977.0,3423.0,0.8697049371895997,0.8452074391988555,0.8809173772419876,2.1138649194519172,5.508328393885029,FASTER
tilecache_dense_box_map_2,dtBuildTileCachePolyMesh,tilecache,mean_ns,15,15,1285.0,1465.0,0.8771331058020477,0.8470744680851063,0.8995115143056525,2.692345829132942,4.536859561297408,FASTER
tilecache_dense_box_map_2,dtBuildTileCacheRegions,tilecache,mean_ns,15,15,9991.0,9702.0,1.0297876726448154,1.0073710073710074,1.0406233766233766,2.5141038353867162,4.896916141911291,SLOWER
tilecache_dense_box_map_2,dtCreateNavMeshData,tilecache,mean_ns,15,15,323.0,260.0,1.2423076923076923,1.119298245614035,1.3267716535433072,6.542291576168483,9.598174813871688,SLOWER
tilecache_dense_box_map_2,dtDecompressTileCacheLayer,tilecache,mean_ns,15,15,326.0,350.0,0.9314285714285714,0.8654353562005277,0.9885057471264368,7.29261263256169,13.60983055455518,FASTER
tilecache_dense_box_map_2,dtTileCacheAddBoxObstacle,tilecache,mean_ns,15,15,48.0,19.0,2.526315789473684,2.2857142857142856,2.6666666666666665,7.453494681108724,11.326388252865005,SLOWER
tilecache_dense_box_map_2,dtTileCacheBuildNavMeshTile,tilecache,mean_ns,15,15,17506.0,18376.0,0.9526556377884197,0.9287640207075065,0.9814048446725155,2.4250096873039237,5.055463024774136,FASTER
tilecache_dense_box_map_2,dtTileCacheRemoveObstacle,tilecache,mean_ns,15,15,27.0,17.0,1.588235294117647,1.4210526315789473,1.8,11.167880272593134,13.500787788677975,SLOWER
tilecache_dense_box_map_2,dtTileCacheUpdate,tilecache,mean_ns,15,15,17954.0,18838.0,0.9530735746894575,0.9281745215064828,0.9821149598664008,2.4016057912656326,5.078981809120408,FASTER
tilecache_obstacles_map_3,dtAddTile,tilecache,mean_ns,15,15,3821.0,4123.0,0.9267523647829251,0.8893040635217189,0.9467455621301775,7.571614681846854,5.533889292304316,FASTER
tilecache_obstacles_map_3,dtBuildTileCacheContours,tilecache,mean_ns,15,15,3362.0,3836.0,0.8764337851929093,0.8504481434058899,0.893026941362916,15.13231051272223,12.206789299811224,FASTER
tilecache_obstacles_map_3,dtBuildTileCachePolyMesh,tilecache,mean_ns,15,15,1995.0,2151.0,0.9274755927475593,0.9062645011600928,0.9382600561272217,10.776831067144638,6.296576368316441,FASTER
tilecache_obstacles_map_3,dtBuildTileCacheRegions,tilecache,mean_ns,15,15,7915.0,8521.0,0.9288815866682314,0.9172967314179364,0.9648497803111269,16.51854922264549,12.850902073924454,FASTER
tilecache_obstacles_map_3,dtCreateNavMeshData,tilecache,mean_ns,15,15,488.0,393.0,1.2417302798982188,1.152019002375297,1.4141414141414141,16.879191903844468,9.817365958352886,SLOWER
tilecache_obstacles_map_3,dtDecompressTileCacheLayer,tilecache,mean_ns,15,15,330.0,331.0,0.9969788519637462,0.9475218658892128,1.2339181286549707,20.52756825731207,14.733062606032453,tie(noise)
tilecache_obstacles_map_3,dtTileCacheAddBoxObstacle,tilecache,mean_ns,15,15,110.0,22.0,5.0,3.6129032258064515,6.0,14.88202939793873,34.46651126794554,SLOWER
tilecache_obstacles_map_3,dtTileCacheBuildNavMeshTile,tilecache,mean_ns,15,15,19552.0,21160.0,0.924007561436673,0.9026840954551798,0.9428571428571428,13.816089225862724,10.380103257779577,FASTER
tilecache_obstacles_map_3,dtTileCacheRemoveObstacle,tilecache,mean_ns,15,15,33.0,18.0,1.8333333333333333,1.4090909090909092,2.0714285714285716,14.982706135999504,18.809522241436454,SLOWER
tilecache_obstacles_map_3,dtTileCacheUpdate,tilecache,mean_ns,15,15,19981.0,21646.0,0.9230804767624503,0.9002125103945302,0.9410914852961737,13.870197105175754,10.357098835691382,FASTER
build_solo_watershed_map_6,dtCreateNavMeshData,build,min_ns,7,7,151200.0,244200.0,0.6191646191646192,0.604,0.6357894736842106,0.9838059790695494,1.8455511174047767,FASTER
build_solo_watershed_map_6,rcBuildCompactHeightfield,build,min_ns,7,7,97707200.0,144050100.0,0.6782862351362478,0.6591641812587521,0.6885784101458086,1.9903812243105798,0.8779931414681224,FASTER
build_solo_watershed_map_6,rcBuildContours,build,min_ns,7,7,43315400.0,42278900.0,1.0245157750083376,1.0011522070085652,1.0553693789258627,1.6418163086022124,1.4762435173062034,SLOWER
build_solo_watershed_map_6,rcBuildDistanceField,build,min_ns,7,7,137247600.0,131170500.0,1.0463297768934325,1.033120746020687,1.0803133455393017,1.7096669499883577,1.7453542972927438,SLOWER
build_solo_watershed_map_6,rcBuildPolyMesh,build,min_ns,7,7,383413700.0,528870500.0,0.724967076061153,0.7040046727183498,0.746311252711119,1.916049463674455,2.1501188625038345,FASTER
build_solo_watershed_map_6,rcBuildPolyMeshDetail,build,min_ns,7,7,1395276400.0,1917100700.0,0.7278054825184718,0.6995274810317224,0.7597116371122812,2.5888686184610044,2.281588835112138,FASTER
build_solo_watershed_map_6,rcBuildRegions,build,min_ns,7,7,1493804100.0,1441309800.0,1.0364212468408942,1.008856585693522,1.064785589212564,1.4133596517490947,1.8790823087709292,SLOWER
build_solo_watershed_map_6,rcErodeWalkableArea,build,min_ns,7,7,88066100.0,101117000.0,0.8709326819427,0.8647221227876916,0.8828920762516085,1.1900897196281097,0.7239949283480618,FASTER
build_solo_watershed_map_6,rcFilterLedgeSpans,build,min_ns,7,7,57598400.0,95566600.0,0.6027042920853102,0.5940588847325786,0.6224511627315825,1.317118616734766,2.513666009750319,FASTER
build_solo_watershed_map_6,rcFilterLowHangingWalkableObstacles,build,min_ns,7,7,8472600.0,8263500.0,1.025304047921583,0.9450030366421486,1.0366281192939744,1.7178264276588509,3.87654749290571,tie(noise)
build_solo_watershed_map_6,rcFilterWalkableLowHeightSpans,build,min_ns,7,7,8544800.0,7731300.0,1.1052216315496748,1.0412087571706459,1.1545846446801196,2.2707287040571495,3.132383237117445,SLOWER
build_solo_watershed_map_6,rcRasterizeTriangles,build,min_ns,7,7,444815900.0,527088500.0,0.8439112217398027,0.8145245914292487,0.8641850190338883,1.5960429883459455,2.4432524323169487,FASTER
build_solo_watershed_map_5,dtCreateNavMeshData,build,min_ns,7,7,1710800.0,3014800.0,0.567467162000796,0.5624089524566283,0.5763842783162927,1.1865926954522854,0.22369386338442465,FASTER
build_solo_watershed_map_5,rcBuildCompactHeightfield,build,min_ns,7,7,44129100.0,59693500.0,0.7392613936190707,0.7325764337851929,0.7500797721371879,1.0951849308889114,1.3234148427321488,FASTER
build_solo_watershed_map_5,rcBuildContours,build,min_ns,7,7,23738400.0,23032600.0,1.0306435226591875,1.009384121980876,1.0482766965119092,1.2668160856597586,1.3717474896310646,SLOWER
build_solo_watershed_map_5,rcBuildDistanceField,build,min_ns,7,7,50331900.0,47397100.0,1.0619194001320755,1.0523634826393322,1.0685333834805704,0.5480168039313196,0.5566415128423992,SLOWER
build_solo_watershed_map_5,rcBuildPolyMesh,build,min_ns,7,7,137379500.0,194106600.0,0.707752853329047,0.6998815623970301,0.7143238478635148,0.6869051144140014,0.6625578971561501,FASTER
build_solo_watershed_map_5,rcBuildPolyMeshDetail,build,min_ns,7,7,285469000.0,301100600.0,0.9480851250379442,0.9426065489510975,0.9502679458526851,0.23508530068833788,0.6325223955879544,FASTER
build_solo_watershed_map_5,rcBuildRegions,build,min_ns,7,7,241616200.0,236825300.0,1.0202296798526171,1.0109683400550875,1.0413033918539716,0.8849021371051046,1.2879929194346567,SLOWER
build_solo_watershed_map_5,rcErodeWalkableArea,build,min_ns,7,7,37550400.0,38859100.0,0.9663219168740398,0.9576937113515197,0.9711290276923552,0.2886818365832024,0.5495838776617856,FASTER
build_solo_watershed_map_5,rcFilterLedgeSpans,build,min_ns,7,7,44278200.0,64334900.0,0.6882454157852115,0.6844684769746343,0.6952736162280564,0.5359807920802665,0.5418752215736637,FASTER
build_solo_watershed_map_5,rcFilterLowHangingWalkableObstacles,build,min_ns,7,7,5603300.0,7562300.0,0.7409518268251722,0.7112658033474945,0.7814273800876981,3.855404718044571,3.527255062360656,FASTER
build_solo_watershed_map_5,rcFilterWalkableLowHeightSpans,build,min_ns,7,7,5441900.0,7341400.0,0.7412618846541532,0.7226813098506664,0.7899912430554559,2.495727202518852,3.844956066769945,FASTER
build_solo_watershed_map_5,rcRasterizeTriangles,build,min_ns,7,7,62728700.0,74925900.0,0.8372098299786856,0.830476220935811,0.8615937350885564,2.0019812507357906,0.9448431325395594,FASTER
build_solo_watershed_map_2,dtCreateNavMeshData,build,min_ns,7,7,3802200.0,6764900.0,0.5620482194858756,0.555039377046279,0.5704450967828458,1.0538154285142356,1.104808913477385,FASTER
build_solo_watershed_map_2,rcBuildCompactHeightfield,build,min_ns,7,7,74080700.0,103320600.0,0.7169983527002359,0.6977910005545882,0.75030197584781,3.8258380877948257,2.6255960149873165,FASTER
build_solo_watershed_map_2,rcBuildContours,build,min_ns,7,7,35596000.0,36123200.0,0.9854055011737609,0.9547493371669314,1.028049630326806,2.876001419153754,4.3066291367021226,tie(noise)
build_solo_watershed_map_2,rcBuildDistanceField,build,min_ns,7,7,72588100.0,70127400.0,1.0350889951716447,1.012713535649649,1.0621068210883278,1.3235354140326643,1.401272485037418,SLOWER
build_solo_watershed_map_2,rcBuildPolyMesh,build,min_ns,7,7,107886900.0,149675900.0,0.7208034159139848,0.6898620457063934,0.7474759271713872,1.7179987403581005,3.5511617556203823,FASTER
build_solo_watershed_map_2,rcBuildPolyMeshDetail,build,min_ns,7,7,151119500.0,176546700.0,0.855974651466156,0.8326772532998427,0.8686803641517291,0.6476111980675026,2.0539031608013567,FASTER
build_solo_watershed_map_2,rcBuildRegions,build,min_ns,7,7,316602600.0,341695800.0,0.9265627496738327,0.896577041215773,0.9569519888577886,0.8862381940917218,2.4009936917303696,FASTER
build_solo_watershed_map_2,rcErodeWalkableArea,build,min_ns,7,7,53692300.0,58754200.0,0.9138461590830953,0.8957143668616909,0.9314104151897437,1.4251031377433825,1.1546455070428336,FASTER
build_solo_watershed_map_2,rcFilterLedgeSpans,build,min_ns,7,7,88578100.0,126502300.0,0.7002094033072916,0.6823449352829711,0.7111298279388761,0.6558805276908029,1.6383135966300753,FASTER
build_solo_watershed_map_2,rcFilterLowHangingWalkableObstacles,build,min_ns,7,7,10393900.0,12243300.0,0.8489459541136785,0.8166474599058868,0.9002697894306023,4.297485112620981,2.404807959327827,FASTER
build_solo_watershed_map_2,rcFilterWalkableLowHeightSpans,build,min_ns,7,7,10473800.0,11813400.0,0.8866033487395669,0.8173812776913417,0.92681201812673,4.509579298980271,4.595699999252437,FASTER
build_solo_watershed_map_2,rcRasterizeTriangles,build,min_ns,7,7,120509700.0,137741600.0,0.8748969084140158,0.8531501516388662,0.8825309109996501,1.3613746460249032,1.2916899331998193,FASTER
build_solo_watershed_map_4,dtCreateNavMeshData,build,min_ns,7,7,3325200.0,5817600.0,0.571575907590759,0.5680647155812036,0.5811921714305369,1.1415661854988655,0.4665425834291864,FASTER
build_solo_watershed_map_4,rcBuildCompactHeightfield,build,min_ns,7,7,60923000.0,79314600.0,0.7681183539978768,0.7459791792773278,0.7810070289735237,2.0106184286940496,1.1098946266399297,FASTER
build_solo_watershed_map_4,rcBuildContours,build,min_ns,7,7,31173100.0,31727600.0,0.9825231029135516,0.9350523031748945,1.0226249711457078,2.1347659027812016,2.0959751911045763,tie(noise)
build_solo_watershed_map_4,rcBuildDistanceField,build,min_ns,7,7,59430400.0,56470200.0,1.0524205687247432,1.0475178295752556,1.060596982116773,0.5462973045633973,0.45387557058280636,SLOWER
build_solo_watershed_map_4,rcBuildPolyMesh,build,min_ns,7,7,322126200.0,459731600.0,0.7006831812300917,0.6964165289384938,0.7045556423230342,0.3918703734916482,0.5794583960331968,FASTER
build_solo_watershed_map_4,rcBuildPolyMeshDetail,build,min_ns,7,7,135803400.0,144822300.0,0.9377243697966404,0.930755026742635,0.953209346433398,0.834371704266335,0.7200840150959071,FASTER
build_solo_watershed_map_4,rcBuildRegions,build,min_ns,7,7,215197500.0,230240500.0,0.93466397093474,0.9223729075922207,0.95129117110492,0.4959026137220491,1.3475092872844783,FASTER
build_solo_watershed_map_4,rcErodeWalkableArea,build,min_ns,7,7,45766300.0,48314000.0,0.9472678726663079,0.9449482521008056,0.9531424274964223,0.44146353811951794,0.33276120339413845,FASTER
build_solo_watershed_map_4,rcFilterLedgeSpans,build,min_ns,7,7,70796500.0,99373900.0,0.7124254960306479,0.7092671927846674,0.7168190935706946,0.6715305965837151,0.33389023792446626,FASTER
build_solo_watershed_map_4,rcFilterLowHangingWalkableObstacles,build,min_ns,7,7,10413400.0,12025100.0,0.8659720085487854,0.8235567738184234,0.9107014283083003,4.578635471366111,2.399350218690661,FASTER
build_solo_watershed_map_4,rcFilterWalkableLowHeightSpans,build,min_ns,7,7,10009600.0,11136500.0,0.8988102186503839,0.8474034879708362,0.9468537725513111,4.395581563353527,2.599369928200353,FASTER
build_solo_watershed_map_4,rcRasterizeTriangles,build,min_ns,7,7,123507000.0,139558000.0,0.8849868871723584,0.8770514934658642,0.8956448077397586,1.0395345899895787,0.5460098361343362,FASTER
build_solo_watershed_map_1,dtCreateNavMeshData,build,min_ns,7,7,8617200.0,15288000.0,0.563657770800628,0.5576646403898746,0.5655012664540598,0.3122519309533956,0.6957495141162033,FASTER
build_solo_watershed_map_1,rcBuildCompactHeightfield,build,min_ns,7,7,88467700.0,117997400.0,0.7497427909428512,0.7144714218449213,0.7960544190172888,2.8518391617724608,3.424339786217361,FASTER
build_solo_watershed_map_1,rcBuildContours,build,min_ns,7,7,47982100.0,51004600.0,0.9407406390796125,0.8554863327697051,0.9758919282231465,1.978268607694334,5.861914924162475,FASTER
build_solo_watershed_map_1,rcBuildDistanceField,build,min_ns,7,7,78831600.0,76202800.0,1.034497420042308,1.0162000525337167,1.0549508457184469,0.7437907101969565,1.6045403519303343,SLOWER
build_solo_watershed_map_1,rcBuildPolyMesh,build,min_ns,7,7,909545500.0,1275261900.0,0.7132225153123448,0.7025170679570968,0.7173937623809755,0.6213011449708533,0.7653775803873881,FASTER
build_solo_watershed_map_1,rcBuildPolyMeshDetail,build,min_ns,7,7,234871800.0,252357300.0,0.9307113366643247,0.9000793283025584,0.9367042204848232,0.4839161211948531,1.7428210872140173,FASTER
build_solo_watershed_map_1,rcBuildRegions,build,min_ns,7,7,620377500.0,730405400.0,0.8493605058232044,0.8248389573111712,0.8681100560862107,0.9819547694609854,2.208010840034996,FASTER
build_solo_watershed_map_1,rcErodeWalkableArea,build,min_ns,7,7,62689600.0,67280200.0,0.9317689305323111,0.9270349258561376,0.9420938507312802,0.5301058737460477,0.7837050132093735,FASTER
build_solo_watershed_map_1,rcFilterLedgeSpans,build,min_ns,7,7,108524100.0,153463300.0,0.7071664691167204,0.694436412136606,0.7256709753278355,0.8998512244719954,1.8257001875962657,FASTER
build_solo_watershed_map_1,rcFilterLowHangingWalkableObstacles,build,min_ns,7,7,16026900.0,17218400.0,0.9308007712679459,0.8489859059935659,0.9892213718686125,2.9465209487449995,5.134190345609496,FASTER
build_solo_watershed_map_1,rcFilterWalkableLowHeightSpans,build,min_ns,7,7,14157800.0,17635600.0,0.8027966159359478,0.7455481475229977,0.9970413241372151,6.909744386508086,9.932464094892367,FASTER
build_solo_watershed_map_1,rcRasterizeTriangles,build,min_ns,7,7,186812100.0,209591600.0,0.891314823685682,0.8727569896501662,0.9025264401014825,0.7348632298918338,1.0771975812976315,FASTER
build_solo_watershed_map_3,dtCreateNavMeshData,build,min_ns,7,7,3949700.0,6855100.0,0.5761695671835567,0.5711804299051892,0.5796018807399921,0.5586707039148132,0.744411817381764,FASTER
build_solo_watershed_map_3,rcBuildCompactHeightfield,build,min_ns,7,7,70585000.0,91876800.0,0.768257057276701,0.7536961051794883,0.7980650843436295,1.3087813849800438,2.061415616977979,FASTER
build_solo_watershed_map_3,rcBuildContours,build,min_ns,7,7,34438000.0,34879100.0,0.9873534580880814,0.9380450165384329,1.0063303890794948,2.1765987342293283,2.6185379205530324,tie(noise)
build_solo_watershed_map_3,rcBuildDistanceField,build,min_ns,7,7,65040300.0,63258600.0,1.0281653403647883,1.0206499629597077,1.041161690689086,0.27679153044746957,0.8340898384961051,SLOWER
build_solo_watershed_map_3,rcBuildPolyMesh,build,min_ns,7,7,131347800.0,182531200.0,0.7195909521221577,0.7127570519450921,0.7224466021339896,0.7233252382112141,0.47824653262826755,FASTER
build_solo_watershed_map_3,rcBuildPolyMeshDetail,build,min_ns,7,7,507379900.0,528880200.0,0.95934750440648,0.9417711392893159,0.9636509120391284,0.6874166398053319,0.8669784682598466,FASTER
build_solo_watershed_map_3,rcBuildRegions,build,min_ns,7,7,271091500.0,319819200.0,0.8476398540175198,0.8440353931652316,0.8576903168390559,1.0636090301027084,0.3723049755194151,FASTER
build_solo_watershed_map_3,rcErodeWalkableArea,build,min_ns,7,7,50897100.0,53776300.0,0.946459685772357,0.9412427034875107,0.9558792997996809,0.3333952534569267,0.4817464605501402,FASTER
build_solo_watershed_map_3,rcFilterLedgeSpans,build,min_ns,7,7,108351800.0,142367000.0,0.7610738443599991,0.7467439544896426,0.7668296824900096,0.3944403417835644,1.0507950676754012,FASTER
build_solo_watershed_map_3,rcFilterLowHangingWalkableObstacles,build,min_ns,7,7,14713800.0,17487800.0,0.8413751300906918,0.807495827506879,0.8585649995950901,2.447806165432647,2.107314176403736,FASTER
build_solo_watershed_map_3,rcFilterWalkableLowHeightSpans,build,min_ns,7,7,14891000.0,16139600.0,0.9226374879179162,0.8771761708915382,0.9691611922259693,1.229599526770958,3.97956132704349,FASTER
build_solo_watershed_map_3,rcRasterizeTriangles,build,min_ns,7,7,249745900.0,273908300.0,0.9117865358588988,0.9038068317408369,0.9224585245613951,0.6314586484949255,0.7748255871921299,FASTER
build_solo_monotone_map_1,dtCreateNavMeshData,build,min_ns,7,7,9024800.0,15968400.0,0.5651662032514215,0.5603698580632298,0.568848047094119,0.4925926296530149,0.4084947767979232,FASTER
build_solo_monotone_map_1,rcBuildCompactHeightfield,build,min_ns,7,7,88436600.0,115139800.0,0.7680801946850698,0.7523325571128059,0.7810285768741386,1.2825553587963532,1.2138438866689574,FASTER
build_solo_monotone_map_1,rcBuildContours,build,min_ns,7,7,49234400.0,51152500.0,0.9625023214896633,0.9410326092197665,1.0100425268268007,2.8160035521218707,4.078249619959327,tie(noise)
build_solo_monotone_map_1,rcBuildPolyMesh,build,min_ns,7,7,340720000.0,477132900.0,0.7140987343358632,0.7093238264042975,0.7193613914729468,0.20994064460235343,0.7646214136801728,FASTER
build_solo_monotone_map_1,rcBuildPolyMeshDetail,build,min_ns,7,7,237821700.0,256739100.0,0.9263166381747073,0.9189510110576025,0.9327075413612672,0.5770466495801883,1.0501302599629,FASTER
build_solo_monotone_map_1,rcBuildRegionsMonotone,build,min_ns,7,7,92348800.0,92819800.0,0.9949256516389822,0.9797295404644267,1.0167572771365152,1.725410374349569,2.9029498784753724,tie(noise)
build_solo_monotone_map_1,rcErodeWalkableArea,build,min_ns,7,7,62500600.0,66958000.0,0.9334299112876728,0.9273389069662494,0.9372572882834408,0.2418799779250274,0.5646154798665504,FASTER
build_solo_monotone_map_1,rcFilterLedgeSpans,build,min_ns,7,7,108575700.0,152179100.0,0.7134731379013282,0.7057325073623834,0.7228432417552093,0.6310860438765614,0.8124820715898503,FASTER
build_solo_monotone_map_1,rcFilterLowHangingWalkableObstacles,build,min_ns,7,7,15714300.0,17034200.0,0.92251470570969,0.8857410619695683,0.952908968921477,2.682619073159689,2.036194898914248,FASTER
build_solo_monotone_map_1,rcFilterWalkableLowHeightSpans,build,min_ns,7,7,14091400.0,16359100.0,0.8613799047624869,0.849078389766469,0.9332138483518726,2.9799901701624023,5.014781710355622,FASTER
build_solo_monotone_map_1,rcRasterizeTriangles,build,min_ns,7,7,186697700.0,208920800.0,0.893629069006054,0.8878570421508676,0.8985690150898107,0.5970434135595244,0.2940678822603513,FASTER
build_solo_layers_map_1,dtCreateNavMeshData,build,min_ns,7,7,8799800.0,15322400.0,0.5743095076489323,0.5663117197147494,0.5780624604154015,0.4768468103540665,0.6907091991891474,FASTER
build_solo_layers_map_1,rcBuildCompactHeightfield,build,min_ns,7,7,87398800.0,113088400.0,0.7728361175858885,0.761846418228686,0.7953679964054249,2.800315675539183,1.4428490151360347,FASTER
build_solo_layers_map_1,rcBuildContours,build,min_ns,7,7,46685400.0,48645700.0,0.9597025019683137,0.9334132046233758,0.9833887736926621,1.7312322962225657,3.009207552262829,FASTER
build_solo_layers_map_1,rcBuildLayerRegions,build,min_ns,7,7,69863400.0,71617600.0,0.9755060208663792,0.9662739809855031,0.9849182443160633,0.867876108337948,0.6907233569930691,FASTER
build_solo_layers_map_1,rcBuildPolyMesh,build,min_ns,7,7,1670627900.0,2358224900.0,0.7084260284080623,0.7052951479829054,0.715652703211676,0.8753369937093131,0.4600071282525205,FASTER
build_solo_layers_map_1,rcBuildPolyMeshDetail,build,min_ns,7,7,236717000.0,254147100.0,0.9314172776317338,0.9244167121584356,0.9406261923765864,1.5930777557531037,0.6469208088805056,FASTER
build_solo_layers_map_1,rcErodeWalkableArea,build,min_ns,7,7,62524000.0,67066800.0,0.9322645481818128,0.9286252625601491,0.9415722796787735,0.6908583299236406,0.4518446745907264,FASTER
build_solo_layers_map_1,rcFilterLedgeSpans,build,min_ns,7,7,108470000.0,150715800.0,0.7196989300391864,0.7091278146876973,0.7334823939644456,2.1341490744398683,0.7814191576542651,FASTER
build_solo_layers_map_1,rcFilterLowHangingWalkableObstacles,build,min_ns,7,7,15469500.0,17020600.0,0.9088692525527889,0.8764583119504602,0.9565988741490126,1.7867068878525467,3.353685804428354,FASTER
build_solo_layers_map_1,rcFilterWalkableLowHeightSpans,build,min_ns,7,7,13884200.0,14655900.0,0.9473454376735649,0.8964799344366309,1.0428631987747512,8.808940983526082,3.4396347404524885,tie(noise)
build_solo_layers_map_1,rcRasterizeTriangles,build,min_ns,7,7,185709700.0,210910000.0,0.880516333981319,0.8733800337849811,0.8959041896405001,0.7596986952103819,0.9967203408506516,FASTER
build_solo_watershed_map_1_coarse,dtCreateNavMeshData,build,min_ns,7,7,1168100.0,2112300.0,0.5529991005065569,0.5454802926599008,0.5591234644025993,1.0878342688477025,0.5065141494336821,FASTER
build_solo_watershed_map_1_coarse,rcBuildCompactHeightfield,build,min_ns,7,7,16592200.0,21303000.0,0.7788668262686007,0.7590430234271401,0.7818804237574665,0.6998819591915194,1.0374985185805983,FASTER
build_solo_watershed_map_1_coarse,rcBuildContours,build,min_ns,7,7,8973300.0,9475000.0,0.9470501319261214,0.931344537815126,0.9582047476160475,1.7109027862489707,0.7972744820241737,FASTER
build_solo_watershed_map_1_coarse,rcBuildDistanceField,build,min_ns,7,7,17026900.0,16073300.0,1.0593282026715112,1.054445966127743,1.0638503206525123,0.36652816250340997,0.328506985273698,SLOWER
build_solo_watershed_map_1_coarse,rcBuildPolyMesh,build,min_ns,7,7,16899800.0,23077100.0,0.7323190522205997,0.7258635062001408,0.7381429758140627,1.1242740028845368,0.6309814939841258,FASTER
build_solo_watershed_map_1_coarse,rcBuildPolyMeshDetail,build,min_ns,7,7,291088000.0,304436200.0,0.9561543600925251,0.9526178690488216,0.9659077758256094,1.1271511268029077,0.6361553683012683,FASTER
build_solo_watershed_map_1_coarse,rcBuildRegions,build,min_ns,7,7,72405800.0,81369600.0,0.8898384654711342,0.8824442907656705,0.8972998175602279,0.4630650463080173,0.507340237438211,FASTER
build_solo_watershed_map_1_coarse,rcErodeWalkableArea,build,min_ns,7,7,13620200.0,14034300.0,0.9704937189599766,0.9638024141185487,0.9732844831887549,0.35995153029101745,0.21463637971141808,FASTER
build_solo_watershed_map_1_coarse,rcFilterLedgeSpans,build,min_ns,7,7,31934700.0,43765100.0,0.729684154726026,0.7216476655808903,0.7411315847925073,0.3680762124556463,1.1262045499593327,FASTER
build_solo_watershed_map_1_coarse,rcFilterLowHangingWalkableObstacles,build,min_ns,7,7,3461700.0,4185200.0,0.8271289305170602,0.6262919082430047,0.9531721689569397,13.847761460833699,10.195056617806426,FASTER
build_solo_watershed_map_1_coarse,rcFilterWalkableLowHeightSpans,build,min_ns,7,7,2761500.0,3048200.0,0.9059444918312447,0.8210404073489563,0.9258217205653569,1.1379930422792421,6.146640715294543,FASTER
build_solo_watershed_map_1_coarse,rcRasterizeTriangles,build,min_ns,7,7,77288600.0,85254300.0,0.9065654166417413,0.8985063198648836,0.9155289800557975,0.4271136363861319,0.490534834350737,FASTER
build_solo_watershed_map_1_fat_agent,dtCreateNavMeshData,build,min_ns,7,7,1153300.0,2160300.0,0.5338610378188214,0.5295743504698729,0.5390950353282485,0.49365288404186786,0.8018178420104817,FASTER
build_solo_watershed_map_1_fat_agent,rcBuildCompactHeightfield,build,min_ns,7,7,89155600.0,115588200.0,0.7713209479860401,0.7564218058492408,0.7811774225616368,0.942319286891168,0.7173267712411726,FASTER
build_solo_watershed_map_1_fat_agent,rcBuildContours,build,min_ns,7,7,24948400.0,24066300.0,1.0366529129945192,0.989878714200899,1.0496112720678659,1.3873050633175021,2.729349445914815,tie(noise)
build_solo_watershed_map_1_fat_agent,rcBuildDistanceField,build,min_ns,7,7,82839000.0,79482200.0,1.0422333553927798,1.0333129931404883,1.0449569611957603,0.35760978395708715,0.49072619136518264,SLOWER
build_solo_watershed_map_1_fat_agent,rcBuildPolyMesh,build,min_ns,7,7,51393600.0,72736200.0,0.706575267885867,0.7022112659302616,0.7219713770162124,1.1354532521858733,0.6658387772511132,FASTER
build_solo_watershed_map_1_fat_agent,rcBuildPolyMeshDetail,build,min_ns,7,7,130621700.0,142296100.0,0.917956992496632,0.9082140420717516,0.9297117357896244,0.9190880028412068,0.9090837403071692,FASTER
build_solo_watershed_map_1_fat_agent,rcBuildRegions,build,min_ns,7,7,289001800.0,268527000.0,1.0762485709072085,1.0646698161216535,1.1011227720228784,1.0469800885040428,0.8873804107833235,SLOWER
build_solo_watershed_map_1_fat_agent,rcErodeWalkableArea,build,min_ns,7,7,61106000.0,66310900.0,0.9215076254431775,0.9184581974478869,0.9352158036787553,0.646091763648761,0.3420560175993296,FASTER
build_solo_watershed_map_1_fat_agent,rcFilterLedgeSpans,build,min_ns,7,7,108450800.0,152632900.0,0.7105335743473393,0.7058695162149183,0.7223028524677133,0.8595342299964819,0.5543296973330607,FASTER
build_solo_watershed_map_1_fat_agent,rcFilterLowHangingWalkableObstacles,build,min_ns,7,7,16227300.0,17447900.0,0.93004315705615,0.8543345385432891,0.9532327824573454,4.378151271390558,3.5123843914514477,FASTER
build_solo_watershed_map_1_fat_agent,rcFilterWalkableLowHeightSpans,build,min_ns,7,7,15064200.0,15785700.0,0.9542940762842319,0.8797119443754656,0.9790858320505808,5.369927403093654,2.7916359692887966,FASTER
build_solo_watershed_map_1_fat_agent,rcRasterizeTriangles,build,min_ns,7,7,186969200.0,210678300.0,0.8874630182605423,0.8807008763792911,0.8952860765349475,0.6275142433770924,0.5874048451479248,FASTER
build_solo_watershed_map_1_dense_detail,dtCreateNavMeshData,build,min_ns,7,7,9289000.0,15946200.0,0.5825212276278988,0.569508747237552,0.5999874233611068,2.463279525934852,1.4081431087325853,FASTER
build_solo_watershed_map_1_dense_detail,rcBuildCompactHeightfield,build,min_ns,7,7,89721400.0,118640900.0,0.7562434202707498,0.7256158500021938,0.7819224920313843,5.978982775619991,3.151456003134613,FASTER
build_solo_watershed_map_1_dense_detail,rcBuildContours,build,min_ns,7,7,48962500.0,53697100.0,0.9118276405988406,0.8208895628001011,1.0633677639025232,8.018400738349904,6.343629245812909,tie(noise)
build_solo_watershed_map_1_dense_detail,rcBuildDistanceField,build,min_ns,7,7,78865400.0,77665600.0,1.0154482808347582,0.9925561937480087,1.0425716982012578,2.6356867416653946,2.0325930398713097,tie(noise)
build_solo_watershed_map_1_dense_detail,rcBuildPolyMesh,build,min_ns,7,7,908236100.0,1300169800.0,0.6985519122194654,0.6886769151546754,0.7185926719694291,1.2136165810788577,2.897314162948419,FASTER
build_solo_watershed_map_1_dense_detail,rcBuildPolyMeshDetail,build,min_ns,7,7,17761239300.0,18767496800.0,0.9463829667470623,0.8858588509385135,1.0545283577961806,4.367955288576771,5.020921165727846,tie(noise)
build_solo_watershed_map_1_dense_detail,rcBuildRegions,build,min_ns,7,7,628405600.0,744166700.0,0.8444419778525429,0.804197646481289,0.8678999694840025,1.7303453875438235,2.496165182238711,FASTER
build_solo_watershed_map_1_dense_detail,rcErodeWalkableArea,build,min_ns,7,7,62795300.0,69118800.0,0.908512589917649,0.8985076207664993,0.9534001092045078,3.168068701999561,2.26415564980688,FASTER
build_solo_watershed_map_1_dense_detail,rcFilterLedgeSpans,build,min_ns,7,7,108987800.0,153062100.0,0.7120495537432192,0.6868685403948157,0.7216808510219752,2.548026599008748,3.1327087353688468,FASTER
build_solo_watershed_map_1_dense_detail,rcFilterLowHangingWalkableObstacles,build,min_ns,7,7,16567900.0,17623700.0,0.9400920351572031,0.8920409728006354,0.9780422901942831,5.4143637582921205,2.0562750495920303,FASTER
build_solo_watershed_map_1_dense_detail,rcFilterWalkableLowHeightSpans,build,min_ns,7,7,15157400.0,16497000.0,0.9187973570952295,0.8699099998811095,0.9793769061020059,8.303173450466996,5.123439948377532,FASTER
build_solo_watershed_map_1_dense_detail,rcRasterizeTriangles,build,min_ns,7,7,189031100.0,211475600.0,0.8938671884605127,0.8593960410611133,0.901779153970936,1.1780969990531562,2.1653249248689637,FASTER
build_tiled_watershed_map_3_region,dtCreateNavMeshData,build,mean_ns,7,7,9772.0,13623.0,0.7173163033105777,0.7002467702133837,0.7761912152723887,3.602138717090812,3.7199438241455467,FASTER
build_tiled_watershed_map_3_region,rcBuildCompactHeightfield,build,mean_ns,7,7,227586.0,354834.0,0.6413872402306431,0.618078215954743,0.6979815296789457,3.8066572965573466,3.992456073328963,FASTER
build_tiled_watershed_map_3_region,rcBuildContours,build,mean_ns,7,7,113225.0,123039.0,0.920236672924845,0.8843404095199272,1.013429859545691,3.9691049312949676,4.863470694244055,tie(noise)
build_tiled_watershed_map_3_region,rcBuildDistanceField,build,mean_ns,7,7,275189.0,280643.0,0.9805660572328545,0.949026531415299,1.075702363654345,3.400938021649549,4.567107272867985,tie(noise)
build_tiled_watershed_map_3_region,rcBuildPolyMesh,build,mean_ns,7,7,97077.0,131851.0,0.7362629028221249,0.7170421617736248,0.799941236261991,4.652278547537005,3.3162914094301943,FASTER
build_tiled_watershed_map_3_region,rcBuildPolyMeshDetail,build,mean_ns,7,7,174496.0,221227.0,0.7887644817314342,0.7627074425042119,0.8646525303007775,3.124206302436547,4.438588441165213,FASTER
build_tiled_watershed_map_3_region,rcBuildRegions,build,mean_ns,7,7,364358.0,460651.0,0.7909632237854688,0.7704335876293956,0.8533772727583933,3.1849428322160622,3.790879775674419,FASTER
build_tiled_watershed_map_3_region,rcErodeWalkableArea,build,mean_ns,7,7,202952.0,237722.0,0.853736717678633,0.823766298609349,0.9249549649727566,3.0172651753653046,4.234928247429094,FASTER
build_tiled_watershed_map_3_region,rcFilterLedgeSpans,build,mean_ns,7,7,210535.0,354479.0,0.593927990092502,0.5742801924961539,0.6435616365521458,3.6435657216416186,3.6138327174844105,FASTER
build_tiled_watershed_map_3_region,rcFilterLowHangingWalkableObstacles,build,mean_ns,7,7,19090.0,22534.0,0.847164285080323,0.7858412934706198,0.8984715656125213,3.609981093626882,5.20923770718852,FASTER
build_tiled_watershed_map_3_region,rcFilterWalkableLowHeightSpans,build,mean_ns,7,7,16555.0,21491.0,0.7703224605648876,0.7302822887308191,0.8476662164190305,3.445829982966825,5.282473813403605,FASTER
build_tiled_watershed_map_3_region,rcRasterizeTriangles,build,mean_ns,7,7,2444351.0,4326618.0,0.5649565087557996,0.5452398202864329,0.6449757086865934,6.073564388434969,4.622468934827819,FASTER
build_tiled_layers_map_4_region,dtCreateNavMeshData,build,mean_ns,7,7,8007.0,11037.0,0.7254688774123403,0.6993504760209983,0.7431361709968675,1.913665074306458,3.4859434231145747,FASTER
build_tiled_layers_map_4_region,rcBuildCompactHeightfield,build,mean_ns,7,7,222444.0,347643.0,0.6398633080487742,0.6263925865831781,0.6547540964405767,1.102766028550657,4.636516642003171,FASTER
build_tiled_layers_map_4_region,rcBuildContours,build,mean_ns,7,7,111708.0,117069.0,0.9542064936063347,0.9312709578196304,0.9729946058813294,1.166821875311551,5.692721297225747,FASTER
build_tiled_layers_map_4_region,rcBuildLayerRegions,build,mean_ns,7,7,179000.0,199578.0,0.8968924430548457,0.8762917603439435,0.9189859899819471,1.2663500796352996,5.140291514779305,FASTER
build_tiled_layers_map_4_region,rcBuildPolyMesh,build,mean_ns,7,7,118333.0,159863.0,0.7402150591443923,0.7199744437208959,0.7474401233252704,1.6375209192139477,4.014436067343178,FASTER
build_tiled_layers_map_4_region,rcBuildPolyMeshDetail,build,mean_ns,7,7,184389.0,238236.0,0.7739762252556289,0.7633913325948075,0.7915722203227427,1.0766848792233743,5.13222253084125,FASTER
build_tiled_layers_map_4_region,rcErodeWalkableArea,build,mean_ns,7,7,206191.0,240354.0,0.8578638175358013,0.8393974222149249,0.8754784577816458,0.9091689188483507,4.647913680248945,FASTER
build_tiled_layers_map_4_region,rcFilterLedgeSpans,build,mean_ns,7,7,185777.0,310721.0,0.597890068582426,0.5831843598479677,0.6061831727413284,1.1162285096350058,4.0278909307122435,FASTER
build_tiled_layers_map_4_region,rcFilterLowHangingWalkableObstacles,build,mean_ns,7,7,17184.0,18960.0,0.9063291139240506,0.873151191454396,0.9263463711195997,1.2963612658566404,5.643796494718284,FASTER
build_tiled_layers_map_4_region,rcFilterWalkableLowHeightSpans,build,mean_ns,7,7,16696.0,18878.0,0.8844157220044496,0.8674724009836237,0.9044910341838669,1.180639735162141,5.897281114196544,FASTER
build_tiled_layers_map_4_region,rcRasterizeTriangles,build,mean_ns,7,7,770339.0,1171110.0,0.6577853489424563,0.6423683513931228,0.6743116294703818,1.4917091412677046,5.757372476969731,FASTER
build_tiled_watershed_map_2_region,dtCreateNavMeshData,build,mean_ns,7,7,7036.0,9512.0,0.7396972245584524,0.7091443633414436,0.7601394169835235,3.2366920799558856,2.154493325173397,FASTER
build_tiled_watershed_map_2_region,rcBuildCompactHeightfield,build,mean_ns,7,7,328189.0,499842.0,0.6565854810119998,0.630289871187869,0.6767005047491574,2.972533068971066,2.3943285010409276,FASTER
build_tiled_watershed_map_2_region,rcBuildContours,build,mean_ns,7,7,130780.0,134777.0,0.9703436046209665,0.9305378473285705,0.9875076766375579,2.2656056145829506,2.4162689553508825,FASTER
build_tiled_watershed_map_2_region,rcBuildDistanceField,build,mean_ns,7,7,355760.0,351702.0,1.01153817720684,0.9664461556920191,1.0248531560700267,2.3238345134571596,2.431823081663206,tie(noise)
build_tiled_watershed_map_2_region,rcBuildPolyMesh,build,mean_ns,7,7,63267.0,79966.0,0.7911737488432584,0.752522488220456,0.8051972471888985,2.6098358413348577,2.1470325571677273,FASTER
build_tiled_watershed_map_2_region,rcBuildPolyMeshDetail,build,mean_ns,7,7,248625.0,313847.0,0.792185364206126,0.7443708769740548,0.7957823754202632,2.486371214154282,2.5647405882070626,FASTER
build_tiled_watershed_map_2_region,rcBuildRegions,build,mean_ns,7,7,599439.0,753620.0,0.7954128075157241,0.7651188635049571,0.8152101561434885,2.7069441229085975,2.207248370470821,FASTER
build_tiled_watershed_map_2_region,rcErodeWalkableArea,build,mean_ns,7,7,252207.0,296841.0,0.8496366741791059,0.8198931062003637,0.8597172964992957,1.942757422495199,2.098224481374736,FASTER
build_tiled_watershed_map_2_region,rcFilterLedgeSpans,build,mean_ns,7,7,385308.0,595816.0,0.6466895820186098,0.6117726328094558,0.6670019411533098,3.4015184658523876,2.4046277478797324,FASTER
build_tiled_watershed_map_2_region,rcFilterLowHangingWalkableObstacles,build,mean_ns,7,7,19985.0,22087.0,0.9048308960021733,0.8787194473963869,0.9520605160571747,2.8383702143588865,2.288940482463115,FASTER
build_tiled_watershed_map_2_region,rcFilterWalkableLowHeightSpans,build,mean_ns,7,7,19630.0,22976.0,0.8543697771587744,0.8002136752136753,0.8901195887207096,3.8511819139527144,3.773226226144887,FASTER
build_tiled_watershed_map_2_region,rcRasterizeTriangles,build,mean_ns,7,7,597720.0,839891.0,0.7116637754184769,0.6860653519464697,0.7376702904869872,2.7863184239736296,2.959740511496011,FASTER
build_tiled_watershed_map_1_region,dtCreateNavMeshData,build,mean_ns,7,7,12215.0,17051.0,0.7163802709518503,0.6446089511754068,0.776213320042365,5.065486982824964,4.996854762440595,FASTER
build_tiled_watershed_map_1_region,rcBuildCompactHeightfield,build,mean_ns,7,7,269644.0,416955.0,0.6466980849252317,0.6001042536408047,0.7149883141957118,5.133674253845751,4.6808704858222585,FASTER
build_tiled_watershed_map_1_region,rcBuildContours,build,mean_ns,7,7,118598.0,125908.0,0.9419417352352512,0.8445868860333854,1.0536536039008337,4.673341609833731,6.175555501181401,tie(noise)
build_tiled_watershed_map_1_region,rcBuildDistanceField,build,mean_ns,7,7,290441.0,300850.0,0.9654013628053847,0.9024339927344462,1.1177505682234767,4.4858729504762005,5.992372581007978,tie(noise)
build_tiled_watershed_map_1_region,rcBuildPolyMesh,build,mean_ns,7,7,97637.0,132253.0,0.7382592455369632,0.6853695523175315,0.8359001124136823,5.646752247924953,4.2648264635262905,FASTER
build_tiled_watershed_map_1_region,rcBuildPolyMeshDetail,build,mean_ns,7,7,243673.0,308176.0,0.7906942785940502,0.7287866375671467,0.8970210679322603,4.660190804047372,5.4349663040687375,FASTER
build_tiled_watershed_map_1_region,rcBuildRegions,build,mean_ns,7,7,429301.0,551805.0,0.7779940377488425,0.7239947087177017,0.8804812014910032,4.620874245063226,4.732495784982825,FASTER
build_tiled_watershed_map_1_region,rcErodeWalkableArea,build,mean_ns,7,7,210263.0,251333.0,0.8365912952139194,0.777333785798442,0.9371889450478547,3.877256339055535,5.488500390896621,FASTER
build_tiled_watershed_map_1_region,rcFilterLedgeSpans,build,mean_ns,7,7,285524.0,472236.0,0.6046214181045071,0.5611977705075952,0.6670051993223355,4.464797605322374,4.592023378525749,FASTER
build_tiled_watershed_map_1_region,rcFilterLowHangingWalkableObstacles,build,mean_ns,7,7,17861.0,21986.0,0.8123806058400801,0.7579352917998337,0.9227926488214143,5.051180788730781,5.740096800535621,FASTER
build_tiled_watershed_map_1_region,rcFilterWalkableLowHeightSpans,build,mean_ns,7,7,16169.0,21538.0,0.7507196582783917,0.6902737591809481,0.8518797369874015,4.817754885505482,5.956623812173562,FASTER
build_tiled_watershed_map_1_region,rcRasterizeTriangles,build,mean_ns,7,7,1002568.0,1585558.0,0.6323124098897676,0.5701844847953662,0.718927013744205,5.743131420064517,6.250641329253581,FASTER
build_solo_offmesh_map_1,dtCreateNavMeshData,build,min_ns,7,7,8718300.0,15483800.0,0.5630594556891719,0.5567826577153693,0.5741831675040225,1.1566628152113574,1.505925726305472,FASTER
build_solo_offmesh_map_1,rcBuildCompactHeightfield,build,min_ns,7,7,90053300.0,117900900.0,0.7638050260854667,0.7289261948513015,0.7990126146838179,3.2653349175918165,2.948903069702977,FASTER
build_solo_offmesh_map_1,rcBuildContours,build,min_ns,7,7,52757800.0,56069400.0,0.9409374810502699,0.8851325100719718,1.0337762450552794,3.1322351953160297,5.6472975263617515,tie(noise)
build_solo_offmesh_map_1,rcBuildDistanceField,build,min_ns,7,7,79053800.0,77839000.0,1.0156065725407573,0.9946194681327838,1.0485094133820407,1.7243513538047477,1.9606661250018107,tie(noise)
build_solo_offmesh_map_1,rcBuildPolyMesh,build,min_ns,7,7,912501400.0,1307505900.0,0.6978946710680235,0.6825874915000965,0.7172437643159505,1.5268053326052151,2.609372267711526,FASTER
build_solo_offmesh_map_1,rcBuildPolyMeshDetail,build,min_ns,7,7,240189400.0,262720600.0,0.9142389291132861,0.8968927349016015,0.963335978182371,1.47533288174371,2.7268768563004953,FASTER
build_solo_offmesh_map_1,rcBuildRegions,build,min_ns,7,7,626789700.0,751291500.0,0.8342829647347269,0.8144821190067166,0.8608272178093136,2.0540448667257083,1.5096463062477883,FASTER
build_solo_offmesh_map_1,rcErodeWalkableArea,build,min_ns,7,7,62756400.0,67444100.0,0.9304950321822072,0.9111450630724842,0.9403912333640757,1.3334746066881644,1.533261913635735,FASTER
build_solo_offmesh_map_1,rcFilterLedgeSpans,build,min_ns,7,7,109748600.0,153038700.0,0.7171297194761848,0.6831635830270056,0.7395013908708891,4.30445094335347,2.694988148142884,FASTER
build_solo_offmesh_map_1,rcFilterLowHangingWalkableObstacles,build,min_ns,7,7,16702000.0,17894400.0,0.9333646280400573,0.873112740880936,0.9682919986533498,3.6838370487179377,2.610480641499446,FASTER
build_solo_offmesh_map_1,rcFilterWalkableLowHeightSpans,build,min_ns,7,7,15726500.0,16917100.0,0.9296215072323271,0.8278452167527054,0.9912701068381176,6.400488370230689,5.150279424244785,FASTER
build_solo_offmesh_map_1,rcRasterizeTriangles,build,min_ns,7,7,189664300.0,209903400.0,0.9035789796639787,0.8780058305742503,0.9129803759192744,1.2613626187486697,1.3161596879678275,FASTER
